time,ax,ay,az,label
0.0,0.0022099172851836896,0.7761677728091401,1.1227147996168114,imbalance
0.01,0.29533914240075565,0.3992206720623957,-0.2761628573300154,imbalance
0.02,0.015570626288849802,-0.38317523861601266,-0.637601838766315,imbalance
0.03,-0.2945580853085702,-0.8454902684299453,-0.3112792802525823,imbalance
0.04,-0.005223841009970538,0.6705681098856773,1.1082230207808248,imbalance
0.05,0.3073245265377691,0.3964881828669206,-0.2943589702366298,imbalance
0.06,0.008153335270023335,-0.4053317423109685,-0.6564575448690325,imbalance
0.07,-0.28802825907075535,-0.7189301602831432,-0.1625797500516594,imbalance
0.08,0.0012999220422014364,0.661519945714296,1.1879003976671823,imbalance
0.09,0.29634284895625623,0.46750545022485634,-0.2783442667881298,imbalance
0.1,0.005285072402705621,-0.3386809064678253,-0.6384361196181723,imbalance
0.11,-0.29915985228547387,-0.7061631404068146,-0.2987496705072744,imbalance
0.12,-0.006925164763672887,0.698919637961347,1.1352643433816463,imbalance
0.13,0.3031024577382035,0.5077545516394218,-0.18480775411785205,imbalance
0.14,0.0021780690625615366,-0.4528696964252296,-0.7010401171585592,imbalance
0.15,-0.3058997537771674,-0.7253083615602934,-0.26726625280865335,imbalance
0.16,0.002499181806663848,0.8149044316765222,1.0281328959250349,imbalance
0.17,0.2973506556391335,0.4298477725758539,-0.24380494351042445,imbalance
0.18,-0.010962774838382771,-0.37438432072289246,-0.5643568169445086,imbalance
0.19,-0.2984144092434255,-0.7808782061960835,-0.08144176419291044,imbalance
0.2,0.006586334434292202,0.7273372115004954,1.0954321105806155,imbalance
0.21,0.3042902803046576,0.3666795326389558,-0.2759296862649911,imbalance
0.22,0.0033589094619861167,-0.4024509071903334,-0.6447639243631009,imbalance
0.23,-0.30137375273089256,-0.8351708478159399,-0.17145689489301555,imbalance
0.24,-0.005619512475357423,0.7108725386740252,1.0523794726720712,imbalance
0.25,0.3058031707170482,0.3304995032659164,-0.3675951721322547,imbalance
0.26,0.004118282887063545,-0.38691920688607656,-0.5636664199728988,imbalance
0.27,-0.3078017215351903,-0.8211051131700019,-0.26246513532347465,imbalance
0.28,0.002001559490463779,0.7754181679381463,1.0152249288135617,imbalance
0.29,0.2980115971940818,0.3558311669676362,-0.1935182629325385,imbalance
0.3,-0.0017975616209699521,-0.3774530908229462,-0.5772465479236155,imbalance
0.31,-0.2993246805971054,-0.8352517306367657,-0.2296397241961819,imbalance
0.32,-0.006760611810128234,0.7087845773961188,1.0721033656857784,imbalance
0.33,0.30308901604639954,0.3798834792258796,-0.2519168732262056,imbalance
0.34,0.0016669059091383642,-0.3802507819294543,-0.588151837862202,imbalance
0.35000000000000003,-0.3084389669972138,-0.7414973183860208,-0.23207382070803878,imbalance
0.36,-0.00032298007655785435,0.7449745177735884,1.2237023857420328,imbalance
0.37,0.29367685096442575,0.35867584261252455,-0.305747053444384,imbalance
0.38,0.010916005003791428,-0.35512154911114846,-0.609254865836562,imbalance
0.39,-0.30617712943464764,-0.7318486200929557,-0.23999127543739307,imbalance
0.4,0.005412636779917903,0.6998314610971565,1.0159499308725377,imbalance
0.41000000000000003,0.30105981176358904,0.4128272359222118,-0.28939247791733963,imbalance
0.42,0.003474803679508402,-0.3403467798720794,-0.6707415698470263,imbalance
0.43,-0.2967966084167063,-0.7328742042146755,-0.22052664910540862,imbalance
0.44,0.00550056917870579,0.6690210911272192,1.0965145039417983,imbalance
0.45,0.3031516339433802,0.3826004791043037,-0.18225003121563815,imbalance
0.46,0.0019469108609207481,-0.30024907581966065,-0.6274960746455407,imbalance
0.47000000000000003,-0.28214478959134864,-0.6717712221136951,-0.2837384219552022,imbalance
0.48,-0.003843422909737701,0.7685132228097394,1.068831569751825,imbalance
0.49,0.29503824047091753,0.3754997029023106,-0.2855577071660831,imbalance
0.5,-0.005407231370424421,-0.4678768066633507,-0.5465903410063423,imbalance
0.51,-0.2962261544952664,-0.7439640491370835,-0.28382991508524136,imbalance
0.52,-0.006760936502993459,0.6828992395159442,1.2293413231586097,imbalance
0.53,0.30219891546761196,0.37185637378823155,-0.2330823640932768,imbalance
0.54,0.0009074366952074119,-0.4006437557115983,-0.6349394054088013,imbalance
0.55,-0.2912650202468455,-0.8013534272992494,-0.28760396355434514,imbalance
0.56,-0.002143770245076618,0.8369133078248532,1.0995480820858097,imbalance
0.5700000000000001,0.29233664226376993,0.35575821790197554,-0.24715561938717961,imbalance
0.58,0.0012404285588836362,-0.34805921455247957,-0.5023453326771801,imbalance
0.59,-0.29837197749969885,-0.7613319948834998,-0.2821167216336198,imbalance
0.6,0.006127230009807221,0.7507495359526638,1.0637879522751599,imbalance
0.61,0.30509352325241024,0.433032522702481,-0.3207522895537215,imbalance
0.62,0.004482597358667365,-0.32759105609472833,-0.6081090673776844,imbalance
0.63,-0.31248121429780884,-0.735665486744865,-0.20192441489539367,imbalance
0.64,0.0032042173761892313,0.695050192089606,1.176521272380587,imbalance
0.65,0.28260976375795177,0.4453453828733166,-0.24039543287742682,imbalance
0.66,0.01059430674212861,-0.262143983494488,-0.6494269470534884,imbalance
0.67,-0.2953775649700827,-0.7407451754880966,-0.24184090498275762,imbalance
0.68,0.002568223885529207,0.7589770833881558,1.0827454502237093,imbalance
0.6900000000000001,0.310672354186122,0.4690246213811637,-0.2193341318205479,imbalance
0.7000000000000001,-0.0041059868660756485,-0.33316788332186154,-0.5830809485979627,imbalance
0.71,-0.2979477910417976,-0.7971825156053116,-0.24076827006927592,imbalance
0.72,-0.0048717104288479845,0.8132758906084939,1.1201256569795093,imbalance
0.73,0.2995727468259499,0.40483809570639245,-0.30326062969815454,imbalance
0.74,-0.004730745027821748,-0.2927127259421576,-0.7155131849914864,imbalance
0.75,-0.3057322214306796,-0.7287405564774189,-0.2893609222517543,imbalance
0.76,0.0038862256225467373,0.7230557557670595,1.0248758884575748,imbalance
0.77,0.3055480768905589,0.33959056414265276,-0.1527019477953401,imbalance
0.78,-0.005635229520138243,-0.4055351868813063,-0.6036897679785213,imbalance
0.79,-0.2996165771868262,-0.8342239294192542,-0.17721308763852664,imbalance
0.8,0.0029393583768208115,0.7856285874742175,1.1128141764463424,imbalance
0.81,0.30872204580414875,0.4604071276530711,-0.2520307507317888,imbalance
0.8200000000000001,-0.0038043152830585657,-0.3691887325759331,-0.6183823524927439,imbalance
0.8300000000000001,-0.29620425418002144,-0.7319928804762277,-0.2643005048033763,imbalance
0.84,-0.0006734591553461673,0.6861549820874011,1.2906307866790665,imbalance
0.85,0.2988935098244096,0.44135680064663035,-0.25248179099881585,imbalance
0.86,0.0003116942524310846,-0.34161628869258315,-0.5975928334515241,imbalance
0.87,-0.31268461668841724,-0.7592135973554701,-0.31475533861639426,imbalance
0.88,5.654818023349276e-05,0.7582594282954861,1.078108881465872,imbalance
0.89,0.30810220382607395,0.40480203868766196,-0.3225729429677422,imbalance
0.9,-0.005773340207115039,-0.3165369956918951,-0.6200802587766887,imbalance
0.91,-0.30239643913489134,-0.6961593887228701,-0.2329479422160433,imbalance
0.92,-0.0023737662138842352,0.731820716802379,1.0748794551186227,imbalance
0.93,0.290914882242374,0.42582190723287777,-0.22843487083876896,imbalance
0.9400000000000001,0.02020352334662292,-0.3748743246317312,-0.5753532111371418,imbalance
0.9500000000000001,-0.29808578025554044,-0.751661632039787,-0.23319136223670076,imbalance
0.96,0.0002589238241707359,0.7738453805902084,1.0840943925135156,imbalance
0.97,0.30765645841273204,0.3750328446089842,-0.2627371411105519,imbalance
0.98,0.003086932541575714,-0.38386980411392596,-0.6751662931087594,imbalance
0.99,-0.3107542770453061,-0.7973209858035895,-0.36068405557158967,imbalance
1.0,-0.005344482481887231,0.7691224461500021,1.0333874413143869,imbalance
1.01,0.3089927469211563,0.36017608346395813,-0.2037057352309428,imbalance
1.02,-0.00041137365829083003,-0.38222036682599214,-0.725312996232486,imbalance
1.03,-0.2970892604803177,-0.7167711175639611,-0.2804396984221547,imbalance
1.04,-0.0018201864373896778,0.7621131065825705,1.052613658345109,imbalance
1.05,0.29847293966350075,0.38419201102873785,-0.23726620182684224,imbalance
1.06,0.0017847078509299614,-0.39751005367894643,-0.6049828976894438,imbalance
1.07,-0.29974889194497223,-0.7431714076734913,-0.20806198312696758,imbalance
1.08,0.002390386352444103,0.6868588066945148,1.053796408179249,imbalance
1.09,0.315913410958562,0.3690769368715,-0.32618986240418546,imbalance
1.1,-0.008827195411539769,-0.45570498493580197,-0.6600199012794964,imbalance
1.11,-0.2923021370900129,-0.7135518457417617,-0.21896374754873427,imbalance
1.12,-0.001339776341849371,0.6588101727916502,1.04725783917151,imbalance
1.1300000000000001,0.29814180652832334,0.4758997751715977,-0.20332200025006586,imbalance
1.1400000000000001,0.005502544207385442,-0.39278257828077784,-0.5914609390153058,imbalance
1.1500000000000001,-0.30128943988808393,-0.827131718980325,-0.28140850804987344,imbalance
1.16,0.005042532640189808,0.7107905041433155,1.2037490093831105,imbalance
1.17,0.29277171234107513,0.41194917892985417,-0.24698667039073507,imbalance
1.18,0.004647756553056077,-0.34833317863674396,-0.609162761946291,imbalance
1.19,-0.30329060521895473,-0.8409439579937106,-0.25375711410308194,imbalance
1.2,0.012505733528288624,0.8009483831624367,1.096136105748409,imbalance
1.21,0.2984220969135692,0.3760127321613776,-0.25620437740304985,imbalance
1.22,-0.0014753462730597191,-0.4308708349187794,-0.5418583944473381,imbalance
1.23,-0.3011033097061082,-0.6690462394052152,-0.2573037931805838,imbalance
1.24,-0.004686395620993358,0.7879805651184139,1.093627022842209,imbalance
1.25,0.30235117861998917,0.3964179192298742,-0.3382535085871663,imbalance
1.26,-0.0016311878157039765,-0.3894874597247581,-0.5565714171804238,imbalance
1.27,-0.29805946005747913,-0.7312994108467206,-0.3745455691875079,imbalance
1.28,0.011290315774840475,0.7433323894720494,1.0599989533690453,imbalance
1.29,0.2988907952460767,0.3339539226479388,-0.2803440845555372,imbalance
1.3,-0.004402802559521336,-0.3456399200367064,-0.5689638172423476,imbalance
1.31,-0.29150418592368654,-0.6922041922591124,-0.2326374953786809,imbalance
1.32,0.003236633145183016,0.7386134303689028,1.176827613038744,imbalance
1.33,0.2998462122606809,0.41285797539659164,-0.30913290548406397,imbalance
1.34,-0.0020749862593768625,-0.4139575623555407,-0.590957417677498,imbalance
1.35,-0.28875872193985347,-0.7267854196831789,-0.29248839989372327,imbalance
1.36,0.0007394641534640926,0.7358498568102723,1.1138648959069761,imbalance
1.37,0.29646331136340126,0.3950180230694338,-0.24463548709893007,imbalance
1.3800000000000001,0.005355599179050351,-0.30932922397434315,-0.6315994630128927,imbalance
1.3900000000000001,-0.30967597808367914,-0.7690804865568448,-0.3537919418770864,imbalance
1.4000000000000001,-0.010143371169404945,0.7047980710341587,1.1032708754795648,imbalance
1.41,0.3095661916824064,0.394871302098395,-0.26462466008900326,imbalance
1.42,-0.00034906021509216857,-0.3601119914641712,-0.6320070052677967,imbalance
1.43,-0.29356470723609546,-0.7574274895759144,-0.2833970176403743,imbalance
1.44,0.004718137940372399,0.772522362128746,1.1339244731847815,imbalance
1.45,0.29472622083321937,0.32151404337987083,-0.2850417786151964,imbalance
1.46,0.01119106995356982,-0.3484978929286241,-0.49279492426906546,imbalance
1.47,-0.2972176004090121,-0.6261825056627244,-0.2928448024189635,imbalance
1.48,-0.0002641197718728189,0.6667957696094906,1.2327779195803517,imbalance
1.49,0.2943710611376437,0.4632746633121535,-0.20011304086898324,imbalance
1.5,0.011475336012562317,-0.5204886330693297,-0.6045431450949473,imbalance
1.51,-0.3113833539139759,-0.7231169149780128,-0.2861805976666909,imbalance
1.52,0.006368408232206084,0.800675358170411,1.0786327390938748,imbalance
1.53,0.30300210174555836,0.30433644946000693,-0.1889301067377164,imbalance
1.54,-0.002771421347308325,-0.3277129410082287,-0.5613026697023722,imbalance
1.55,-0.29422127559910977,-0.6664115913406292,-0.32194840639556777,imbalance
1.56,0.01275895928018664,0.8532113645456227,1.1297754186473294,imbalance
1.57,0.2996607967084304,0.3515251730206571,-0.16407216848203787,imbalance
1.58,-0.005591460694708754,-0.4277088904526234,-0.5962792338760374,imbalance
1.59,-0.2960419548568542,-0.6955473854019548,-0.29685649902075933,imbalance
1.6,0.005296253688175903,0.7298989934547737,1.062025913237761,imbalance
1.61,0.30522081521144634,0.42127830309307585,-0.272549193212699,imbalance
1.62,-0.00523128947089361,-0.3626540945159797,-0.584773565086123,imbalance
1.6300000000000001,-0.2923625281689077,-0.6932303060261202,-0.27657679696013526,imbalance
1.6400000000000001,-0.002375571972858885,0.7383995234269302,1.1231591819320226,imbalance
1.6500000000000001,0.30219649222858486,0.4252935895608552,-0.2074745472743538,imbalance
1.6600000000000001,-0.0006711389568127036,-0.38932761209832284,-0.4986081315788028,imbalance
1.67,-0.3167548807147441,-0.8575706858725844,-0.2489505504379677,imbalance
1.68,-0.0014272828040174167,0.6924630421976654,1.1565102386919113,imbalance
1.69,0.30147287949024354,0.32713007764488555,-0.32312249783865593,imbalance
1.7,-0.004749823740969475,-0.33507290301337234,-0.5951474481732614,imbalance
1.71,-0.3061713062786866,-0.70075170507767,-0.23711080971504478,imbalance
1.72,-0.003382571459624144,0.7787283669124573,1.1386995886605042,imbalance
1.73,0.2970676257102717,0.37507800407636116,-0.19338571615073835,imbalance
1.74,-0.004299571027957623,-0.34694577278576155,-0.49125189840250394,imbalance
1.75,-0.29986732696485174,-0.7036651944973126,-0.2527147984813471,imbalance
1.76,-0.0032301883699688695,0.6874977679821161,1.1014517998505238,imbalance
1.77,0.2956197943581503,0.3683310661822447,-0.3380875053609094,imbalance
1.78,0.006029190246846555,-0.4003794644166233,-0.6345543284906507,imbalance
1.79,-0.30629696340541107,-0.7400743528429077,-0.08606825416049702,imbalance
1.8,-0.00042344031190098814,0.6849990327163133,1.1716128333585007,imbalance
1.81,0.29934378568292996,0.42331628105112884,-0.2535415539686827,imbalance
1.82,-0.003992751288065824,-0.42969832917560447,-0.5842986611488572,imbalance
1.83,-0.2952666350181573,-0.7303591108349718,-0.2945287768019197,imbalance
1.84,-0.00312105279160093,0.7375045244468891,1.1628240693304093,imbalance
1.85,0.30325308728047173,0.4669575519048363,-0.2738631524884216,imbalance
1.86,-0.008199286983416832,-0.4639220106582404,-0.6281390160216325,imbalance
1.87,-0.30153095931333274,-0.820837808975081,-0.2698383040346292,imbalance
1.8800000000000001,-0.005326544029738332,0.6712688137486761,1.0895793248781043,imbalance
1.8900000000000001,0.30152366794290786,0.37899371256403447,-0.21599891209492117,imbalance
1.9000000000000001,0.004971181957302357,-0.421295843439328,-0.6604327949256079,imbalance
1.9100000000000001,-0.28406413904559646,-0.6663183663786152,-0.2898445653116965,imbalance
1.92,0.008638297853680832,0.7065488989187746,1.0657626419781854,imbalance
1.93,0.2980080840307389,0.38766546113065686,-0.2815834784109613,imbalance
1.94,-0.0066704907448129815,-0.3522107525852834,-0.5850535631757778,imbalance
1.95,-0.2963379134978428,-0.776392171908651,-0.23313516017036387,imbalance
1.96,-0.00585099626816431,0.6867450000584729,1.1056062028132767,imbalance
1.97,0.3046324119726617,0.4026697339763321,-0.3411527847167801,imbalance
1.98,0.0009315924237263836,-0.44129047967873636,-0.5478063264292133,imbalance
1.99,-0.30449952211312764,-0.7642516222446559,-0.28077657266538497,imbalance
2.0,-0.007418864886148238,0.7963027077696462,1.0619849036874214,imbalance
2.0100000000000002,0.2985404940016347,0.4217217669156515,-0.26109905671227035,imbalance
2.02,0.017212854225841887,-0.3961871717563333,-0.6684269138367349,imbalance
2.0300000000000002,-0.3006807797927339,-0.7357925495099293,-0.29517325415861606,imbalance
2.04,-0.0033457139350865418,0.6603918115456332,1.06688625840796,imbalance
2.05,0.2990634782305303,0.4104593146316156,-0.21867411790746774,imbalance
2.06,0.003137703860975521,-0.4017044736853882,-0.5501583453903434,imbalance
2.07,-0.2923414006033586,-0.8376897365435586,-0.2048922180103798,imbalance
2.08,0.0018221240068193056,0.6914031900044946,1.071436022979852,imbalance
2.09,0.2915918056935869,0.40897917343414203,-0.27285381258261204,imbalance
2.1,0.001729140841593021,-0.36603135334167985,-0.6076845655616451,imbalance
2.11,-0.28167088098980514,-0.8008310647817207,-0.27054780360203,imbalance
2.12,-0.0007562217452201997,0.770717628782936,1.075244341908906,imbalance
2.13,0.30891169499883503,0.46015700079205235,-0.28025657827640027,imbalance
2.14,-0.0026739805129799028,-0.3206442772169677,-0.5764457540324457,imbalance
2.15,-0.3121053256130334,-0.7667171838561919,-0.301128603593596,imbalance
2.16,0.0032871431917258077,0.7367791112259914,1.1209408726319323,imbalance
2.17,0.30230374731079707,0.4539762541619352,-0.18029942381041464,imbalance
2.18,0.00031839751196349373,-0.43895076314950127,-0.5772988667673854,imbalance
2.19,-0.29871243854768664,-0.7240023970039003,-0.26551524254422015,imbalance
2.2,-0.0116887272959314,0.7424883250505026,1.1082605609079943,imbalance
2.21,0.2973531120456572,0.34919001160625346,-0.15408539512715197,imbalance
2.22,-0.0011700449160456706,-0.4383325992277033,-0.6544706016208048,imbalance
2.23,-0.3001596935288814,-0.8228213775508788,-0.2598497907415981,imbalance
2.24,-0.004811910882330559,0.7578556992468428,1.2011335637240603,imbalance
2.25,0.29773621746386786,0.4206330655935739,-0.246163833484917,imbalance
2.2600000000000002,-0.005729051021872429,-0.45405206552502775,-0.5547253138165704,imbalance
2.27,-0.3029033850931771,-0.7213151537326901,-0.26973900760281483,imbalance
2.2800000000000002,0.002771919810932831,0.7817179124872567,1.1081749030311763,imbalance
2.29,0.30291013736078376,0.280418664163127,-0.2436805579451261,imbalance
2.3000000000000003,0.006704006756187505,-0.3257033507968796,-0.6107646605493753,imbalance
2.31,-0.299467384474519,-0.8648020820246761,-0.2388031309507693,imbalance
2.32,0.011647151846994244,0.7311968524049557,1.0429152339489487,imbalance
2.33,0.3018912880702385,0.4394404321576638,-0.30051644311399306,imbalance
2.34,0.0005658140502538114,-0.3820019713008771,-0.5467257823242335,imbalance
2.35,-0.30106580061738797,-0.7498339962161576,-0.2568387699911932,imbalance
2.36,0.00898903239106576,0.7988919749263365,1.0639536820927038,imbalance
2.37,0.3070756235873794,0.4413191538205071,-0.23392600122547894,imbalance
2.38,0.005215737944876273,-0.40823692860395616,-0.6093526487558552,imbalance
2.39,-0.2871098006249653,-0.771691740284142,-0.23965909717054001,imbalance
2.4,0.002702574064863725,0.6991770171798211,1.131994127712223,imbalance
2.41,0.308502181517963,0.4109710526776779,-0.2060129173460143,imbalance
2.42,-0.0009698429808946224,-0.31799523058346413,-0.5783063913211891,imbalance
2.43,-0.3081062480210281,-0.8231221684590941,-0.28246216945130914,imbalance
2.44,-0.00025391243699216047,0.6760578002231779,1.0777034570289488,imbalance
2.45,0.2989353291900792,0.40412529201949443,-0.2326688985101844,imbalance
2.46,-0.0030574646198052997,-0.36741583865485694,-0.6413589702201001,imbalance
2.47,-0.29789780268547833,-0.8192577813236901,-0.22073890943486837,imbalance
2.48,-0.004810382134007758,0.6706203311345234,1.0881784893275916,imbalance
2.49,0.30128076329505776,0.33275539174933266,-0.32436280412558505,imbalance
2.5,0.0005754501776018252,-0.42030464426319514,-0.5319041160574176,imbalance
2.5100000000000002,-0.29591357564464005,-0.7348579060059974,-0.20341748979320015,imbalance
2.52,0.006090412489208314,0.8078705321864837,1.0919535303654646,imbalance
2.5300000000000002,0.2979628730873915,0.36552307637266485,-0.2698048953862251,imbalance
2.54,-0.0033115405398498414,-0.3282968311757946,-0.6566438001112387,imbalance
2.5500000000000003,-0.3034612269841074,-0.8686752907007839,-0.2951108222856187,imbalance
2.56,0.0023570875299469673,0.7194537029091407,1.135245399328444,imbalance
2.57,0.29244189522177505,0.40233384911130426,-0.21536492624019618,imbalance
2.58,0.00745379811042329,-0.3916802919979648,-0.6665553990028118,imbalance
2.59,-0.3081900421880707,-0.7233150917146572,-0.212654955109284,imbalance
2.6,-0.006241351017737915,0.7588767348538252,1.0483892719288679,imbalance
2.61,0.3039663015304444,0.31488471084319813,-0.2466402106480727,imbalance
2.62,0.0018669886367947942,-0.3979050194208193,-0.49228170266217935,imbalance
2.63,-0.31211183004052717,-0.7918281110736037,-0.17887177915077135,imbalance
2.64,-0.007278387024639755,0.6455233907713038,1.094032758571961,imbalance
2.65,0.29926842439720774,0.378855792915186,-0.32095465158642816,imbalance
2.66,-0.01123542309571053,-0.4381449887108967,-0.5868772272627855,imbalance
2.67,-0.30157934734422803,-0.65785254792482,-0.23928660421640663,imbalance
2.68,0.005420267857801719,0.7625020859984848,1.1590079837159837,imbalance
2.69,0.2968502453541062,0.44130226067477185,-0.2805823666592971,imbalance
2.7,0.0004026897672642272,-0.43757876687020747,-0.6110946343704788,imbalance
2.71,-0.3004147722592987,-0.8050279290615538,-0.2843735574335084,imbalance
2.72,0.009904283143106984,0.7598958289455862,1.12577468162093,imbalance
2.73,0.29341307033420494,0.44011578971179444,-0.2809572792735759,imbalance
2.74,-0.01028263978881562,-0.3901640658540649,-0.5544981936042895,imbalance
2.75,-0.3064733368527747,-0.7566290137305651,-0.2863195503216234,imbalance
2.7600000000000002,0.0001860765534670617,0.7097061230762961,1.1007219177411722,imbalance
2.77,0.29553727187415496,0.398295946332213,-0.18940728901172094,imbalance
2.7800000000000002,0.0006719646658750599,-0.3697900938283027,-0.5606659803002432,imbalance
2.79,-0.30180843186925504,-0.7269945712452349,-0.2580567636146321,imbalance
2.8000000000000003,-0.0010315050466688537,0.8103536879835713,1.111646175565432,imbalance
2.81,0.29338859561672814,0.4091202072096874,-0.2897485549554582,imbalance
2.82,-0.005195255742182428,-0.3293655690314733,-0.5957124735192718,imbalance
2.83,-0.29529792464909144,-0.6927732369428747,-0.24389193185308328,imbalance
2.84,-0.0023854885375519824,0.7995813572554251,1.1841073943615104,imbalance
2.85,0.2967563059659486,0.28866386876423383,-0.2620195829896632,imbalance
2.86,-0.0014035770892697763,-0.3318173585522791,-0.5900859654023322,imbalance
2.87,-0.30722502526527173,-0.7357206158337087,-0.24358391004468152,imbalance
2.88,-0.00159096870754024,0.6865871863567121,1.2155539274163192,imbalance
2.89,0.3019206730054584,0.41351545432621345,-0.34604777094017003,imbalance
2.9,0.0005991363839922315,-0.43537044868737323,-0.623608108550076,imbalance
2.91,-0.30629297669397504,-0.7971756938001628,-0.2840806406731039,imbalance
2.92,-0.008214960665896175,0.7306408550255696,1.0906618465561042,imbalance
2.93,0.3031359989782737,0.47767761707162226,-0.26899488753978956,imbalance
2.94,-0.009667207439617779,-0.3552455737814838,-0.6235806959089982,imbalance
2.95,-0.3073508599274877,-0.6510007938432248,-0.208034480462808,imbalance
2.96,0.00493228457756942,0.7624673227134544,1.0476304660142488,imbalance
2.97,0.29235486583535,0.3737191857635738,-0.2653331643374369,imbalance
2.98,0.0027601874761727704,-0.31801074696427933,-0.6190168504603807,imbalance
2.99,-0.2962427889603845,-0.6818500622191317,-0.2978367960032384,imbalance
3.0,-0.010719891423556931,0.6429749245980168,1.0424317464033068,imbalance
3.0100000000000002,0.2911353336189175,0.35882080137946076,-0.16097033643604564,imbalance
3.02,0.007450263747591112,-0.3928024956503992,-0.5827697080535978,imbalance
3.0300000000000002,-0.29890476140871775,-0.7765611112461007,-0.21855080669822802,imbalance
3.04,-0.0019251551895434215,0.7135328886774972,1.050591628466923,imbalance
3.0500000000000003,0.3032292665995591,0.32196518708323557,-0.315625088701137,imbalance
3.06,0.002624267008339523,-0.3339990606938192,-0.5485537553924007,imbalance
3.0700000000000003,-0.29790484922363225,-0.708480178853127,-0.2820310307382598,imbalance
3.08,-0.0053098255884814465,0.7540776513839851,1.055207453574336,imbalance
3.09,0.2975706285322586,0.343515601973019,-0.22257826519389584,imbalance
3.1,-0.0021782441522251346,-0.3910623050300047,-0.6287027895994064,imbalance
3.11,-0.30832585022925657,-0.7161574288332524,-0.3041416911881262,imbalance
3.12,0.0013223084164316304,0.6552032277841381,1.1508614879975743,imbalance
3.13,0.29187751591196737,0.3765953568228142,-0.2954436883909186,imbalance
3.14,0.005756895265804056,-0.43742950210480996,-0.684371387670961,imbalance
3.15,-0.2948795852368451,-0.6321107934285366,-0.2792187846301647,imbalance
3.16,-0.0003639502338402344,0.7497381488702148,1.1191377124960082,imbalance
3.17,0.29504627427542757,0.34176653761355025,-0.27946270390694855,imbalance
3.18,0.0014702936149155557,-0.3554072961345869,-0.6152919264271477,imbalance
3.19,-0.29530283856459527,-0.7232775039272616,-0.29969134803923947,imbalance
3.2,0.004707697503567635,0.6369177708175503,1.1142233925275622,imbalance
3.21,0.2947320818840184,0.3879800985599375,-0.3007427302254741,imbalance
3.22,-0.008859530709442514,-0.33586157351846746,-0.580825234029374,imbalance
3.23,-0.3086414953110998,-0.7720888612755071,-0.16930398660394447,imbalance
3.24,0.008754272399324846,0.7250195650092542,1.0851720450697189,imbalance
3.25,0.29792583807262507,0.4989362027474906,-0.35788924841090686,imbalance
3.2600000000000002,0.00011866029659503562,-0.4495598147411303,-0.5192909067626879,imbalance
3.27,-0.3086864946227282,-0.6513390835260282,-0.2227271292156278,imbalance
3.2800000000000002,0.0053842523971677205,0.652538231897662,1.1796330478011623,imbalance
3.29,0.2898557051755158,0.36867510448275115,-0.24153823867052385,imbalance
3.3000000000000003,0.0018915410595034229,-0.4510898281776627,-0.5386538699725805,imbalance
3.31,-0.3003867213742616,-0.7079171368238591,-0.23203661238741868,imbalance
3.3200000000000003,-0.0008368395640880825,0.7650108548892307,1.2024624128948365,imbalance
3.33,0.29355006235111947,0.35701949766778657,-0.2199779607148039,imbalance
3.34,-0.00034996962374229175,-0.40095146559038236,-0.4746553289124773,imbalance
3.35,-0.29730077267347854,-0.7564298253026688,-0.32753495849902253,imbalance
3.36,0.0032332896233052853,0.6946083784149065,1.1223335636471592,imbalance
3.37,0.29719395731498804,0.33727446643467396,-0.1590874018783351,imbalance
3.38,0.005100870475250585,-0.3310615130802076,-0.5459934071741666,imbalance
3.39,-0.28734671195309874,-0.7705176477587932,-0.18379433407060794,imbalance
3.4,-0.0067375695080686,0.7084726116170403,1.0520065503788183,imbalance
3.41,0.2941622804558429,0.4331254180716493,-0.25164011071087705,imbalance
3.42,0.0008901718185529032,-0.32087492571342324,-0.6927392558326408,imbalance
3.43,-0.2892476065379555,-0.7449952411738148,-0.20932067693061623,imbalance
3.44,0.006756007160390978,0.763941321593463,1.044035513510658,imbalance
3.45,0.29637115860490126,0.41211663607414273,-0.29605853727196996,imbalance
3.46,-6.0293177073675506e-05,-0.494267871999178,-0.5947662972578434,imbalance
3.47,-0.30146610235615445,-0.7199385634252097,-0.23710764904544535,imbalance
3.48,-0.006573079173223631,0.7166596437884757,1.0608680881353183,imbalance
3.49,0.29009087593820765,0.4121642842740975,-0.2725812767377312,imbalance
3.5,-0.0065621568001616865,-0.38386137852797714,-0.6766284851792628,imbalance
3.5100000000000002,-0.2918637863066121,-0.755506470201725,-0.249877823214695,imbalance
3.52,-0.0074288612659512785,0.8571731643066363,1.0266041818897378,imbalance
3.5300000000000002,0.3007037377335485,0.3461120413743358,-0.17004908283820402,imbalance
3.54,-0.002975042473073806,-0.4342814099238557,-0.5900774008461955,imbalance
3.5500000000000003,-0.29037635581767834,-0.7397537279355363,-0.2997740306864906,imbalance
3.56,-0.006901930670683865,0.7341399605254182,1.1374485270610482,imbalance
3.5700000000000003,0.30637067157030584,0.3657190952317612,-0.2298221299677385,imbalance
3.58,0.00492879631915299,-0.3275203513758863,-0.5888031421073368,imbalance
3.59,-0.29651415000678844,-0.8093360528678305,-0.2821593347808286,imbalance
3.6,0.00867381372226555,0.7201443669834094,1.0715837075478851,imbalance
3.61,0.298471893971356,0.35466043157226534,-0.28049319409544116,imbalance
3.62,-0.005599918566026053,-0.3917392970202541,-0.598189509697181,imbalance
3.63,-0.3051752845510603,-0.7434514068116539,-0.3450742870395182,imbalance
3.64,-0.01635316778018659,0.6935281792877719,1.0898672313096998,imbalance
3.65,0.2950812016569587,0.38276719533640297,-0.2913532422610919,imbalance
3.66,-0.004207528885305075,-0.4519535631256846,-0.5761433251954102,imbalance
3.67,-0.296709455126864,-0.8254986942563682,-0.24121310546616795,imbalance
3.68,0.003661027896925563,0.7058345044370318,1.090081568752812,imbalance
3.69,0.309451198386195,0.33592951855647735,-0.23000363863241913,imbalance
3.7,-0.0009061277328252029,-0.41304382335808887,-0.5753987639098604,imbalance
3.71,-0.28704628430957246,-0.7837408356270456,-0.3343393059893042,imbalance
3.72,-0.005888465930257159,0.7374441604493751,1.0672716620723324,imbalance
3.73,0.29908246697994384,0.34439597063507743,-0.2655408273438461,imbalance
3.74,-0.002889736907251039,-0.31108364554721646,-0.5930809893780038,imbalance
3.75,-0.30388008282716533,-0.7370006811568844,-0.31865937193177335,imbalance
3.7600000000000002,0.0007778058138454878,0.6936101304882768,1.0337365325181607,imbalance
3.77,0.3087302943785218,0.4567310064175435,-0.13058114511268853,imbalance
3.7800000000000002,-0.005670769803210932,-0.483742404252767,-0.5875260665816355,imbalance
3.79,-0.31422880366048234,-0.7173523473837566,-0.29418169897114554,imbalance
3.8000000000000003,0.007901047775017688,0.7706046711410846,1.1133270699267765,imbalance
3.81,0.29017546009332346,0.3412955444390162,-0.2698914429685079,imbalance
3.8200000000000003,0.0004897652578811869,-0.45453592084862937,-0.660875118424551,imbalance
3.83,-0.2952396081134394,-0.7122133100146499,-0.16556511581547165,imbalance
3.84,-0.002127650162404019,0.7701682288905385,1.1463430950653606,imbalance
3.85,0.3093944813227026,0.38813592835644223,-0.27644663777645107,imbalance
3.86,0.001218853530783848,-0.31989138115853094,-0.5942382670048345,imbalance
3.87,-0.2965655851963329,-0.7533820967017812,-0.24020681135724242,imbalance
3.88,0.0003019665118458172,0.7164470315616097,1.103029495056376,imbalance
3.89,0.28821206145761846,0.3641065637116498,-0.20638104676871963,imbalance
3.9,-0.005753962531193121,-0.28646715079467944,-0.563141675987446,imbalance
3.91,-0.30546855784710925,-0.7930110141310595,-0.21841002669384546,imbalance
3.92,0.007096883113780552,0.7147328261396928,1.0809649222055846,imbalance
3.93,0.30065822917959323,0.3167164022258774,-0.1577372187050159,imbalance
3.94,8.982380578861283e-05,-0.44290229583487273,-0.6431605236282589,imbalance
3.95,-0.29679454685142237,-0.8037676926970948,-0.2436559828837703,imbalance
3.96,0.0022463226112233647,0.7633958774605625,1.0973990862362224,imbalance
3.97,0.29596490397596487,0.4885425174516616,-0.22403009987805242,imbalance
3.98,-0.006949938217554843,-0.4585552501864898,-0.6039028297482547,imbalance
3.99,-0.2949282582982553,-0.636516700818875,-0.24738765973848129,imbalance
4.0,-0.007343748932756961,0.7319462949596416,1.0257007658394997,imbalance
4.01,0.3012232011433115,0.39279611159860534,-0.20334929313936073,imbalance
4.0200000000000005,0.007388396889430989,-0.4873724529443698,-0.5753391052745691,imbalance
4.03,-0.3024898418909209,-0.8082463038179236,-0.25303494022781425,imbalance
4.04,0.004778932836299952,0.790103124817194,1.1140816615028968,imbalance
4.05,0.29921924048033904,0.41045475821780575,-0.34745622973286855,imbalance
4.0600000000000005,0.0022654155341632095,-0.4719140465118567,-0.628433808847423,imbalance
4.07,-0.3085322707434288,-0.7954839265909981,-0.2720268151475526,imbalance
4.08,-0.0015043304769651632,0.7810588335338561,1.059998491813564,imbalance
4.09,0.2992786915512467,0.4158701987005191,-0.2264274420916252,imbalance
4.1,-0.006217254575432579,-0.4223182046898899,-0.6707797160921527,imbalance
4.11,-0.3047192469548357,-0.6977892296810978,-0.24377269832957774,imbalance
4.12,0.004745805945562787,0.714274781692804,1.1408579384474078,imbalance
4.13,0.30193533442040377,0.3958719925150426,-0.2051176158851894,imbalance
4.14,-0.0026328931972279374,-0.2945159862476129,-0.5237285836423489,imbalance
4.15,-0.3043599228418384,-0.7515681593331793,-0.2287828341426601,imbalance
4.16,-0.01234536415521493,0.7704533647506114,1.065546552426953,imbalance
4.17,0.2907798020242547,0.4224468381635512,-0.14881967182184636,imbalance
4.18,-0.0031338647701561117,-0.3704831278286212,-0.6713327433247561,imbalance
4.19,-0.306212115148466,-0.7215481154091586,-0.2719346215497386,imbalance
4.2,0.0060357501116612925,0.7865614593723105,0.9861680787658299,imbalance
4.21,0.3060747273783591,0.42593267637135973,-0.3315481453804575,imbalance
4.22,0.0023179935604195645,-0.4233953581232164,-0.7211495427507072,imbalance
4.23,-0.2943514296192365,-0.7210397455491728,-0.26513494962932765,imbalance
4.24,-0.000660398152111882,0.7497199050799161,1.0141674300289796,imbalance
4.25,0.30735794708146624,0.41791957222517073,-0.26753286792855485,imbalance
4.26,-0.0018986904286326413,-0.34613092396349404,-0.6425793109758212,imbalance
4.2700000000000005,-0.30055666909310985,-0.6996155992025955,-0.30839733564348726,imbalance
4.28,-0.008760669924127317,0.7406706463913293,1.1498401111980723,imbalance
4.29,0.3010810463752206,0.4025771850424563,-0.27972512356701257,imbalance
4.3,-0.005041416615027614,-0.38216528837108704,-0.6782969234454574,imbalance
4.3100000000000005,-0.30437110256165745,-0.7834474324279365,-0.21281239893018977,imbalance
4.32,-0.004845506885290271,0.7714865236003927,1.0172475148622684,imbalance
4.33,0.29779743343264004,0.452963235572563,-0.19825577729682956,imbalance
4.34,-0.007327215159700702,-0.3974651016102723,-0.5968837932514324,imbalance
4.3500000000000005,-0.29609251573809486,-0.761337131971309,-0.2882980947068726,imbalance
4.36,0.004073040398347855,0.686823185910762,1.0656602724076962,imbalance
4.37,0.29793169115095,0.31361894017611697,-0.24992050182138711,imbalance
4.38,-0.003267797510907121,-0.43034182576003854,-0.6037558940945748,imbalance
4.39,-0.296366786306418,-0.7746488481462906,-0.26812286645238415,imbalance
4.4,0.002751392353783077,0.7980576098478119,1.1306491342702136,imbalance
4.41,0.3031115632003016,0.43953343684512425,-0.2490144443834077,imbalance
4.42,0.0037753446802564782,-0.4005449887772708,-0.5624951568863392,imbalance
4.43,-0.2965167703740902,-0.7487025459627602,-0.1884886827098429,imbalance
4.44,0.0012402045424928826,0.810595652360574,1.0307770402933945,imbalance
4.45,0.29792788878240867,0.3641597192097089,-0.2866690543894806,imbalance
4.46,0.007724107740541325,-0.3332025290033455,-0.605852653244665,imbalance
4.47,-0.30274741501320546,-0.7153939483714618,-0.19684831103036377,imbalance
4.48,0.000830868901702939,0.7507657925837327,1.1505259235876526,imbalance
4.49,0.29320555046215263,0.4182635608612923,-0.31975318906932526,imbalance
4.5,0.007060936463135549,-0.36745305867927625,-0.5875291747670597,imbalance
4.51,-0.3026886324704351,-0.7214639933601968,-0.30916064419969885,imbalance
4.5200000000000005,5.487354449510517e-05,0.7804849540596992,1.0694543272705481,imbalance
4.53,0.2982166253772291,0.3431873287542175,-0.2570159927990248,imbalance
4.54,-0.004587961789596653,-0.44494409778264715,-0.673236667659033,imbalance
4.55,-0.2969627886621725,-0.7460021452271915,-0.2407894259052353,imbalance
4.5600000000000005,-0.012322039857420341,0.7100979440100311,1.0736832885734606,imbalance
4.57,0.29535136770825066,0.3930365806801291,-0.23439925346666277,imbalance
4.58,0.0018976575215759305,-0.3960138581221462,-0.5986361138888726,imbalance
4.59,-0.3007366802330922,-0.7548022846038396,-0.36329976320273905,imbalance
4.6000000000000005,0.0025497219748945006,0.7279358978719923,1.0159020463831177,imbalance
4.61,0.29176000167751487,0.45565466011265937,-0.28014696644822856,imbalance
4.62,-0.008000962960024543,-0.3658886464890898,-0.5629512570227073,imbalance
4.63,-0.30048267566990655,-0.7475685287998702,-0.27978966435973807,imbalance
4.64,0.006123842228214559,0.8121219865740625,1.1868325796572332,imbalance
4.65,0.3023862670871198,0.33827589186448837,-0.2620733426722099,imbalance
4.66,0.0038274465757313905,-0.3905721855763337,-0.5852719675436522,imbalance
4.67,-0.3103467599138976,-0.6300605484667009,-0.3234556616372417,imbalance
4.68,-0.0003232781153335628,0.7390352898999147,1.144386519558518,imbalance
4.69,0.2904015314455565,0.3406464863662403,-0.2987620107543339,imbalance
4.7,-0.004387761695951979,-0.34743403477419443,-0.5948287233646127,imbalance
4.71,-0.29767925426117603,-0.7480452413425184,-0.23937255140060473,imbalance
4.72,-0.0065288634106036286,0.778575160265438,1.123288121106758,imbalance
4.73,0.2942119061024235,0.32805025571229673,-0.282865595992338,imbalance
4.74,-0.008451646846660929,-0.36828957530309925,-0.6417002054053873,imbalance
4.75,-0.3058542066398191,-0.7169008948406183,-0.2202185302186176,imbalance
4.76,-0.0066850918014009645,0.6982556165363556,1.1054726143110822,imbalance
4.7700000000000005,0.31402677871155427,0.32049615380527,-0.22249724886961347,imbalance
4.78,0.004628132498705058,-0.41333223476147535,-0.5713709619774321,imbalance
4.79,-0.3012261553538165,-0.7032190116594782,-0.22467078187361006,imbalance
4.8,0.005831228818839398,0.7853182651925869,1.1350812008169326,imbalance
4.8100000000000005,0.29367633864533327,0.4136435472280115,-0.25771072462992706,imbalance
4.82,0.010493435301693835,-0.3288186585872032,-0.5336152173188593,imbalance
4.83,-0.29782917284663646,-0.7741307962578439,-0.18874536234264838,imbalance
4.84,-0.0004363186188156325,0.7497494259747464,1.0775549868611702,imbalance
4.8500000000000005,0.2913818178518991,0.371496106502745,-0.22963745888279238,imbalance
4.86,0.006938070426259405,-0.3856062115272525,-0.5762760154204211,imbalance
4.87,-0.2944426320971793,-0.6546057893631726,-0.24090260538233615,imbalance
4.88,-0.002211880214543099,0.6842225125774838,1.1860378321122447,imbalance
4.89,0.2950095485117787,0.4575107235357577,-0.23816581375094312,imbalance
4.9,-0.007804834184774432,-0.4229437312094197,-0.6371781336145942,imbalance
4.91,-0.3063987885163586,-0.7258976440326613,-0.22330380348999668,imbalance
4.92,-0.002153332985194026,0.685571022666296,1.1052249104558696,imbalance
4.93,0.29598123845854013,0.3714654178636286,-0.31212895248273304,imbalance
4.94,-0.009347566167347388,-0.34567508958546617,-0.5640990364214117,imbalance
4.95,-0.29402748912920945,-0.7971192944352811,-0.2034102707825432,imbalance
4.96,0.003421790736857064,0.7156173463736544,1.0896644376768254,imbalance
4.97,0.29885426657982156,0.3976957407086606,-0.2744014129580598,imbalance
4.98,0.0029730373711809935,-0.3694525189843121,-0.5229633378850064,imbalance
4.99,-0.2991478090042546,-0.7423301526729994,-0.3090631726027195,imbalance
5.0,-0.002875322044356038,0.7770803387485449,1.1348047785064994,imbalance
5.01,0.29367430221122204,0.4398665539149613,-0.2361314093270756,imbalance
5.0200000000000005,-0.009292747041533168,-0.4810366829435986,-0.5998302174196767,imbalance
5.03,-0.29916924624918184,-0.6778826716626296,-0.4014696112941205,imbalance
5.04,-0.006736891455701773,0.7603770598549014,1.1573131678565005,imbalance
5.05,0.29681481969999934,0.433089302670004,-0.20038631772290358,imbalance
5.0600000000000005,0.0028711533783091748,-0.4129074918857333,-0.6762636291302244,imbalance
5.07,-0.29262443445666536,-0.7145992667146429,-0.235509796035586,imbalance
5.08,-0.0036310163166684197,0.8121715844608675,1.1195711065295253,imbalance
5.09,0.294499535262143,0.45125770383628033,-0.3291786903066861,imbalance
5.1000000000000005,0.012682284601402754,-0.4666838966874539,-0.5774253512156609,imbalance
5.11,-0.2985694437243292,-0.8366745998111501,-0.23966977855179203,imbalance
5.12,0.00748069023833216,0.7563202840687435,1.0348555959246528,imbalance
5.13,0.28479856819302657,0.37091498439739073,-0.24875809658202302,imbalance
5.14,0.00264541126025193,-0.43108771887098446,-0.7250222686956358,imbalance
5.15,-0.2961258594148808,-0.7149871042442749,-0.3148267835621922,imbalance
5.16,-0.0018202643220230116,0.6935010088561513,1.0897129387937197,imbalance
5.17,0.2925960762243896,0.33082282010080943,-0.23547098366946353,imbalance
5.18,0.005652082556457458,-0.4170904605863946,-0.6577883288861957,imbalance
5.19,-0.3005317256448784,-0.7104428257571823,-0.3988083274648351,imbalance
5.2,0.011130036836541736,0.6983720869886242,1.1091706455005095,imbalance
5.21,0.2940816186684293,0.45870866215532763,-0.3300889595368981,imbalance
5.22,0.008800325632603084,-0.42656192932757736,-0.5515006903164198,imbalance
5.23,-0.30533828888927245,-0.7606530543506571,-0.27527053469070656,imbalance
5.24,0.0023638579855942625,0.7994740809868163,1.0560693829174437,imbalance
5.25,0.30021403107456246,0.45970007487507136,-0.1585704303575411,imbalance
5.26,-0.0022160555483884516,-0.3282205450520915,-0.6462722782863464,imbalance
5.2700000000000005,-0.29159115931729224,-0.8080119067306452,-0.24201778825958908,imbalance
5.28,-0.0003136854178222066,0.8030361228629469,1.10337345511574,imbalance
5.29,0.3085490223663911,0.3740190105367234,-0.216071244695175,imbalance
5.3,-0.0038671787863819745,-0.3633734564007582,-0.5965632330410598,imbalance
5.3100000000000005,-0.3071531529449071,-0.728453954964265,-0.23911713173446936,imbalance
5.32,0.0014484883121328098,0.6834312556963119,1.090730723844374,imbalance
5.33,0.30663068474146116,0.3583774223366724,-0.25856955620014777,imbalance
5.34,0.00301011910894297,-0.3911712875631694,-0.5726376311533506,imbalance
5.3500000000000005,-0.3070430567800016,-0.6983969708638437,-0.21137486923435295,imbalance
5.36,0.0013417885589813658,0.7839303614712685,1.2034790039496301,imbalance
5.37,0.3006146617758705,0.3965696009665819,-0.22584707189444037,imbalance
5.38,0.004752777555857283,-0.37869376800141946,-0.6006854890885052,imbalance
5.39,-0.30682356965598917,-0.8443249706608829,-0.22837294519677703,imbalance
5.4,0.006722283388981039,0.7172586358036898,1.0755217885303323,imbalance
5.41,0.29649271384001286,0.39916126504130617,-0.2524975526743554,imbalance
5.42,-0.0025548474193058503,-0.3431044016717108,-0.5956849818951208,imbalance
5.43,-0.3004649983971362,-0.7368398885626354,-0.21080109088558782,imbalance
5.44,0.007284479408305231,0.7166480879233968,1.1615941916765782,imbalance
5.45,0.3034241902484016,0.3650629316642324,-0.19907504956090954,imbalance
5.46,0.00748770335797012,-0.409199588727717,-0.671021396147786,imbalance
5.47,-0.30037825128808715,-0.7969903324962444,-0.4016657193355848,imbalance
5.48,0.0038386783987657573,0.8243703675907965,1.124488640190267,imbalance
5.49,0.29790703324091067,0.40951807550910113,-0.2526912630891314,imbalance
5.5,-0.009105405895232725,-0.37183829962851,-0.6771414647195878,imbalance
5.51,-0.2978460906409034,-0.7967685843453446,-0.24298931568142368,imbalance
5.5200000000000005,-0.007008386487633353,0.8031178441525649,1.1572524982867474,imbalance
5.53,0.30151077296649637,0.40495663191516496,-0.2570732897161475,imbalance
5.54,-0.0037259259633672173,-0.39199489401452836,-0.5746394625663752,imbalance
5.55,-0.29262197218840563,-0.7254046049575078,-0.2966619252661035,imbalance
5.5600000000000005,-0.0015255429910453117,0.7538815163062724,1.13246129815315,imbalance
5.57,0.306857154067099,0.3280710695705746,-0.3675548303179363,imbalance
5.58,0.0026063851550605687,-0.3833657122430705,-0.6042792316283424,imbalance
5.59,-0.303883614078916,-0.7027116044964418,-0.24081658686796653,imbalance
5.6000000000000005,-0.005781364517415395,0.7869325513581877,1.063194835388503,imbalance
5.61,0.29640186413177955,0.4454563880565099,-0.2260197025223394,imbalance
5.62,-0.004575482032193958,-0.4194665340984179,-0.5806902978966745,imbalance
5.63,-0.3017096780256933,-0.7739936420977732,-0.3438291530945435,imbalance
5.64,-0.00705950617929412,0.7535816747035958,1.1452068110918514,imbalance
5.65,0.298928503031147,0.3506626810163077,-0.20342999457444072,imbalance
5.66,-0.002179093560219685,-0.41880151691744716,-0.6200881128622022,imbalance
5.67,-0.2954196633279252,-0.717269313203267,-0.25124863375908696,imbalance
5.68,0.011445404472668536,0.6991527045714996,1.1462455136328566,imbalance
5.69,0.2998814280316852,0.32369707241457585,-0.17539980623310314,imbalance
5.7,-4.768880344516271e-05,-0.4058669200637468,-0.6078461381580622,imbalance
5.71,-0.2894647071578207,-0.7607314104340791,-0.33513581677394416,imbalance
5.72,-0.006768451615363337,0.7261220430318804,1.0106607530122735,imbalance
5.73,0.2992969752605065,0.36879627915292357,-0.33419852327919436,imbalance
5.74,-0.0006386053052764844,-0.33374479389232126,-0.608072361096735,imbalance
5.75,-0.3007966008072269,-0.5988269058832821,-0.24193120683018024,imbalance
5.76,-0.002684845873702493,0.7529373612254894,1.0638045362552129,imbalance
5.7700000000000005,0.2915162781322611,0.43807295696788584,-0.288798874498805,imbalance
5.78,0.0019251665825957146,-0.4233214025608183,-0.5575832466059539,imbalance
5.79,-0.30148714868005266,-0.7873381121988154,-0.22316301486059933,imbalance
5.8,-0.002231538686315371,0.6864028999864085,1.060843315967152,imbalance
5.8100000000000005,0.28680991823006674,0.38450129622436385,-0.17575303680112833,imbalance
5.82,0.0023111481892598086,-0.34825940416276663,-0.6194213280552667,imbalance
5.83,-0.2995272396149434,-0.76433761674145,-0.3466082851805614,imbalance
5.84,-0.005453230030670589,0.7764291411124391,1.1218300553150324,imbalance
5.8500000000000005,0.3076004708671256,0.3768312110063525,-0.2412583273672082,imbalance
5.86,0.0008962644232333197,-0.44508726797037274,-0.5855767000960472,imbalance
5.87,-0.29579214457896164,-0.8002855468859941,-0.20143391617968479,imbalance
5.88,-0.004629543582441913,0.717465042874622,1.1892533579948983,imbalance
5.89,0.30594523206505925,0.39251027443695413,-0.3190198377498561,imbalance
5.9,-0.0007522154405999758,-0.4037293000389912,-0.5995060385481005,imbalance
5.91,-0.3036735645499135,-0.7014217929612622,-0.2919665265106107,imbalance
5.92,-0.007846608969545723,0.7382019647259248,1.1403042374855052,imbalance
5.93,0.2946517405098104,0.3971976259873746,-0.16459009225458066,imbalance
5.94,-0.003364855434708809,-0.3781245954624022,-0.6097064533097657,imbalance
5.95,-0.30382461172169495,-0.6945226366806805,-0.33677268855776643,imbalance
5.96,0.007416269836062296,0.7377968697083612,1.1533016124836901,imbalance
5.97,0.2996540908520121,0.3469029926747321,-0.2437669831096132,imbalance
5.98,0.0028413588220540884,-0.3048485247145184,-0.6703981767482565,imbalance
5.99,-0.3014892652890462,-0.7005066662291759,-0.14310143368837558,imbalance
6.0,-0.011477041452705004,0.7591859873971357,1.0334828818856547,imbalance
6.01,0.2939251212379561,0.362568670589708,-0.26094363237629203,imbalance
6.0200000000000005,-0.010390193227124502,-0.41671077496114856,-0.611722644004046,imbalance
6.03,-0.28989989292430135,-0.7887355483794413,-0.3059050749753138,imbalance
6.04,-0.006760174034322877,0.7230935500679438,1.1174667489247798,imbalance
6.05,0.30658830115176494,0.35828241833654173,-0.1839222620333012,imbalance
6.0600000000000005,0.00037028147328849344,-0.3739985265494225,-0.5729589033278443,imbalance
6.07,-0.301967022583625,-0.7076884787408404,-0.2744128009419218,imbalance
6.08,-0.0006235527226996233,0.7390733345011885,1.2323238172795508,imbalance
6.09,0.3061663892471575,0.43339085940804434,-0.24811069368554173,imbalance
6.1000000000000005,-0.0005802087138615443,-0.39353994731854447,-0.5237808730318932,imbalance
6.11,-0.3019636430755505,-0.7662795290673434,-0.2714227416815869,imbalance
6.12,-0.006398966108485476,0.758193085154718,1.0610273107159898,imbalance
6.13,0.3091261990716781,0.3231710403659031,-0.23672389681071154,imbalance
6.140000000000001,-9.409731293966414e-05,-0.35343325880292376,-0.6477915520942382,imbalance
6.15,-0.2939931413854428,-0.7280995299688194,-0.222461779155993,imbalance
6.16,0.0011510023013137783,0.7269471018783902,1.0903922366473042,imbalance
6.17,0.2978543592720961,0.4247525952740568,-0.29544635616850423,imbalance
6.18,0.0024224148656785418,-0.38311651143928677,-0.5744545247152366,imbalance
6.19,-0.29545391776855423,-0.7759248187485761,-0.18478597877107933,imbalance
6.2,0.004167365041189212,0.6173189921946315,1.0968525958135211,imbalance
6.21,0.2920264574034108,0.4292716118345675,-0.2847988597148235,imbalance
6.22,0.001337114216410667,-0.4533592024560434,-0.6142641535531381,imbalance
6.23,-0.30575649596521925,-0.7736163247786513,-0.24110829943930392,imbalance
6.24,0.002174834316089793,0.7225805804432632,1.0780938571217884,imbalance
6.25,0.29932154026428176,0.35051218398869366,-0.23893938490910893,imbalance
6.26,-0.0010159632176610235,-0.39621499973504853,-0.6326085954109847,imbalance
6.2700000000000005,-0.30559246095810694,-0.8015676141917141,-0.22421863672478934,imbalance
6.28,0.0011963251032496224,0.665621767487616,1.1685407262665892,imbalance
6.29,0.2988797513326477,0.35440484315774423,-0.17871300174970733,imbalance
6.3,0.00488087043754364,-0.4151301276171059,-0.5400187283342046,imbalance
6.3100000000000005,-0.2998737967227955,-0.7832589280429806,-0.32066224251530373,imbalance
6.32,0.012793329770652456,0.6664759775867485,1.158785773001576,imbalance
6.33,0.30246808546015586,0.3082217366889337,-0.1851870739027482,imbalance
6.34,0.0014300318657107971,-0.43679489300401614,-0.6085739379557948,imbalance
6.3500000000000005,-0.29504683617513733,-0.7389459010746001,-0.23107886740427613,imbalance
6.36,0.0002690288500880363,0.8049366332861505,1.1529502427673572,imbalance
6.37,0.29401230268835815,0.4245778288680704,-0.22307716893189128,imbalance
6.38,-0.005944293523339555,-0.3636632543341427,-0.6080818785488818,imbalance
6.390000000000001,-0.29623348195973725,-0.63094242117985,-0.3123008782608787,imbalance
6.4,-0.0008907643756627786,0.6971438511355262,1.140051160744122,imbalance
6.41,0.28888086655196826,0.3828069640719005,-0.30266470079249336,imbalance
6.42,-0.00011809277486052234,-0.3921897299324406,-0.5006572230428519,imbalance
6.43,-0.308302234797879,-0.7600226599588996,-0.20928928889556098,imbalance
6.44,0.005568476217315864,0.6913915218471637,1.1610780806521506,imbalance
6.45,0.2904011856529262,0.3716972236682557,-0.29304655328377893,imbalance
6.46,-0.003481926781850295,-0.41519915193258294,-0.5961109892727829,imbalance
6.47,-0.30333008204053863,-0.6603047740629069,-0.2702519403743963,imbalance
6.48,0.006490685619641591,0.7162536316747304,1.0410416490403913,imbalance
6.49,0.2976268718563848,0.5076087520776177,-0.30089048406281116,imbalance
6.5,0.0019069734422058277,-0.36850471921085737,-0.581993912772802,imbalance
6.51,-0.3064879149323021,-0.7782420065478162,-0.2513093895609944,imbalance
6.5200000000000005,-0.0064472014799103914,0.7357771490881834,1.0413827540948128,imbalance
6.53,0.30246777766986804,0.3226586027559552,-0.2204776325401289,imbalance
6.54,0.013238460607018032,-0.43697048075145184,-0.629433167327067,imbalance
6.55,-0.29282919787588724,-0.702386975497056,-0.2872250755137612,imbalance
6.5600000000000005,-0.002471241341751618,0.6957097704054948,1.1711280103723436,imbalance
6.57,0.2943652189075807,0.4010472654265964,-0.28171804914201476,imbalance
6.58,0.004052310288860985,-0.39564923325292917,-0.5482240508200847,imbalance
6.59,-0.2970629530629492,-0.735315252132468,-0.23177365055986507,imbalance
6.6000000000000005,0.00495016311723406,0.7010559305428881,1.0842388697853722,imbalance
6.61,0.29407871278279507,0.45739470289554246,-0.2008618097968409,imbalance
6.62,0.010538920743190053,-0.4186107991206686,-0.6178549180421125,imbalance
6.63,-0.29481172238680275,-0.797801471006421,-0.20381922495753357,imbalance
6.640000000000001,-0.0017391892188445889,0.69264004574482,1.1286410254302226,imbalance
6.65,0.3077435468019644,0.2696454197249981,-0.24353757718118293,imbalance
6.66,-0.0005106961171634227,-0.40769800110004384,-0.5029077398164724,imbalance
6.67,-0.2985759337883233,-0.7170772670435944,-0.2831338349661036,imbalance
6.68,0.0016477294352797492,0.7629836868746152,1.100943348351109,imbalance
6.69,0.29626483061591335,0.4610822701618002,-0.20836110568814148,imbalance
6.7,7.429729750104868e-05,-0.35981522799844906,-0.5412030589683644,imbalance
6.71,-0.2985842388242255,-0.7592115550956882,-0.2484838339127156,imbalance
6.72,0.0035859268677347978,0.6760565018645441,1.0960909975076125,imbalance
6.73,0.29937465111023265,0.3850617646332408,-0.29044166849696645,imbalance
6.74,0.0014655270712956637,-0.3708845711637231,-0.6463087312865375,imbalance
6.75,-0.29799692668366484,-0.7262665704248208,-0.19138191124406326,imbalance
6.76,-0.0009272487083666691,0.7962420455982245,1.1313670523725765,imbalance
6.7700000000000005,0.29580394475953636,0.44175662452245723,-0.2078211736384872,imbalance
6.78,-0.008472252766528276,-0.4011295408920914,-0.5695615611844149,imbalance
6.79,-0.3017610693884724,-0.7365851893607748,-0.22388219458804196,imbalance
6.8,0.009926847111419307,0.7287318209800668,1.1499288063803128,imbalance
6.8100000000000005,0.29912469384292434,0.3298563128211468,-0.14182796396232178,imbalance
6.82,-0.013333676746814366,-0.2805666374310257,-0.5756909046795033,imbalance
6.83,-0.2962526153730493,-0.7488474150341184,-0.2758130885262882,imbalance
6.84,-0.005233759292490182,0.6719041992264811,1.1444192493174377,imbalance
6.8500000000000005,0.29947979111890677,0.39276744897303306,-0.29734023274420734,imbalance
6.86,-0.009507796650292302,-0.3192666419515329,-0.680931581616485,imbalance
6.87,-0.29044596866880956,-0.7023163868175157,-0.23426219115771113,imbalance
6.88,0.003514863942326241,0.6853106979616912,1.18487249874886,imbalance
6.890000000000001,0.29456479041024525,0.40867405214586855,-0.2409311136880956,imbalance
6.9,0.00211595841529351,-0.3936189990923871,-0.645978906373181,imbalance
6.91,-0.28664588191041257,-0.8144961930746014,-0.2537902752203246,imbalance
6.92,-0.002579449146286222,0.6952070821482965,1.0803710475949793,imbalance
6.93,0.2960111402100117,0.36312792691635376,-0.24205921770074523,imbalance
6.94,0.002718034756267774,-0.4107495180470468,-0.6240522287067684,imbalance
6.95,-0.2958903176171958,-0.7509500755758535,-0.20438734290899022,imbalance
6.96,0.0012907872043707443,0.7881857778043171,1.1451624090987618,imbalance
6.97,0.313557224263716,0.43195131478959153,-0.23231454644771252,imbalance
6.98,-0.0004102627741371415,-0.4292448225696874,-0.5375728982683693,imbalance
6.99,-0.3034821883322343,-0.747350561260187,-0.22826414534043604,imbalance
7.0,0.0018794200026915142,0.7900185608734545,1.116515841991755,imbalance
7.01,0.300295435117759,0.3654768770326216,-0.2933299681191452,imbalance
7.0200000000000005,-0.0012271700310028193,-0.4323039174741218,-0.6021396730583076,imbalance
7.03,-0.29628622110170105,-0.7729858920609148,-0.2621978351935038,imbalance
7.04,-0.004016711318119867,0.7851766548099738,1.112863114819226,imbalance
7.05,0.30931213056874685,0.41681660022749645,-0.3088943019318099,imbalance
7.0600000000000005,-0.0030224063585661282,-0.46466091995298026,-0.5837904993555013,imbalance
7.07,-0.2950586808477911,-0.6549393339940057,-0.27820740555289314,imbalance
7.08,0.005832191176689057,0.7591890589353264,1.0475138512111453,imbalance
7.09,0.29526399263180575,0.4682031386203068,-0.2829999220236671,imbalance
7.1000000000000005,0.0069276219574693244,-0.3920960625537612,-0.7207006234936884,imbalance
7.11,-0.3030369892404961,-0.7359584815857203,-0.20783805930001803,imbalance
7.12,0.004845803877369357,0.7293209900709937,1.1735861533045893,imbalance
7.13,0.3081665699893017,0.4125342239820615,-0.34453938701893727,imbalance
7.140000000000001,-0.0015183378148044744,-0.43387722774766696,-0.6109306740601604,imbalance
7.15,-0.297621115789306,-0.8023778081844167,-0.3018184082507077,imbalance
7.16,0.0033883232104470868,0.7661815127856484,1.1114644900090853,imbalance
7.17,0.3061039129237658,0.3959094483545808,-0.32848796490093235,imbalance
7.18,-0.004438006700528733,-0.33601722343171025,-0.560002350947785,imbalance
7.19,-0.3021137790992218,-0.7280013701338258,-0.14189273939510438,imbalance
7.2,0.0012120587984809448,0.7482468438505616,1.0853870481754764,imbalance
7.21,0.3074527558744948,0.3849275938637681,-0.20372969173007346,imbalance
7.22,0.0009532670134716855,-0.39800767557360134,-0.6261815865916016,imbalance
7.23,-0.29573187804077644,-0.8064914150937459,-0.20734620434285628,imbalance
7.24,-0.0013138088941136864,0.8284845285409496,1.1203548004208952,imbalance
7.25,0.29973706805367767,0.37249089236318095,-0.19960174439807404,imbalance
7.26,0.005742226409614507,-0.44455140180682107,-0.5980335600946284,imbalance
7.2700000000000005,-0.2954700071525532,-0.7958162404854451,-0.16367416128297263,imbalance
7.28,0.011685715023928735,0.6614109260782445,1.0934373872615113,imbalance
7.29,0.3042699681789449,0.40174334280657487,-0.25540085956751296,imbalance
7.3,-0.003874183144293038,-0.36635745155830063,-0.6716276581246488,imbalance
7.3100000000000005,-0.29347388000657637,-0.777698226944934,-0.2754634117591308,imbalance
7.32,0.00633015161180521,0.7138771967409772,1.1162974506954935,imbalance
7.33,0.2986003587969143,0.33140923924102667,-0.2595617955682823,imbalance
7.34,0.0019818377517700977,-0.43954369018438794,-0.6809924929408504,imbalance
7.3500000000000005,-0.3012550438597144,-0.7574971629819788,-0.3748745869918011,imbalance
7.36,0.0011240916396884093,0.7193842786038134,1.0691525823035943,imbalance
7.37,0.29615117776993444,0.3523480238393087,-0.23095731972088987,imbalance
7.38,-0.0065984543446711815,-0.3501849142966716,-0.617931066051951,imbalance
7.390000000000001,-0.2994407370060168,-0.7459418648698367,-0.37937066798358837,imbalance
7.4,-0.007022387638341013,0.6917820137957843,1.0427709720662712,imbalance
7.41,0.30296608289909005,0.39136472883550577,-0.25650904035699973,imbalance
7.42,0.002989792940388007,-0.2490227285155098,-0.6562754088702836,imbalance
7.43,-0.3063333231619802,-0.7379547392615821,-0.29806985442896977,imbalance
7.44,-0.004877253591562239,0.6435603697190633,1.1358353276371138,imbalance
7.45,0.301022122948818,0.3987638976486767,-0.250194686138959,imbalance
7.46,0.0027878660338341507,-0.3586689898564859,-0.6288262203400955,imbalance
7.47,-0.30724677332969025,-0.7601467909307305,-0.2975107897965696,imbalance
7.48,0.0012846132346718902,0.6711910281469115,1.1115749373075425,imbalance
7.49,0.312322192619599,0.41061477836796517,-0.21485098765962055,imbalance
7.5,-0.008766283025818647,-0.41382083456142194,-0.5919356883920098,imbalance
7.51,-0.3007303644056784,-0.714478055671261,-0.3591936005088146,imbalance
7.5200000000000005,0.008201730405993028,0.7886067528994394,1.1199309677020657,imbalance
7.53,0.30047624717900573,0.38075055150817994,-0.24902105814962075,imbalance
7.54,0.0004402981110358562,-0.4261778312588962,-0.6127533389140836,imbalance
7.55,-0.29567034199479636,-0.7062310368395867,-0.20430850520269622,imbalance
7.5600000000000005,0.010126501168794214,0.7031622553069712,1.1085223072209047,imbalance
7.57,0.3044301710488204,0.3908785178141755,-0.23204798805653332,imbalance
7.58,-0.013103213617177456,-0.44309281546772217,-0.552132811552977,imbalance
7.59,-0.3096560181792881,-0.7769636585144651,-0.25733061567448706,imbalance
7.6000000000000005,-0.004164264322555024,0.8202033340421024,1.1004071849264154,imbalance
7.61,0.3052128342675927,0.3377203752562467,-0.141251739163539,imbalance
7.62,0.011350540749504319,-0.36574548470132046,-0.6068460324371597,imbalance
7.63,-0.3049337157978159,-0.7629491886579736,-0.16976568542477938,imbalance
7.640000000000001,-0.004642550776913052,0.6990545741859564,1.0711852190097724,imbalance
7.65,0.3004724198394953,0.3640725063501382,-0.19700275853139676,imbalance
7.66,0.005523216915115237,-0.42408920371256414,-0.6171706128465093,imbalance
7.67,-0.30619543738605154,-0.710120441272843,-0.11098477115119784,imbalance
7.68,0.006761931257948386,0.7667135281632932,1.0331590380360167,imbalance
7.69,0.3068301654231619,0.44579066264616457,-0.3002318111208089,imbalance
7.7,-0.004848812149688643,-0.39457348267590797,-0.6025977042361832,imbalance
7.71,-0.30514253658213863,-0.7795567749380642,-0.2523809110702204,imbalance
7.72,0.001779169737276118,0.7773438391521494,1.040131038321951,imbalance
7.73,0.3106178735059316,0.4423197990195468,-0.17699737472088073,imbalance
7.74,-0.0017977345711947417,-0.36523688975276464,-0.5893490902956574,imbalance
7.75,-0.29963975677790206,-0.7768738482635527,-0.2205204626699812,imbalance
7.76,-0.010018841652295848,0.7437765513827219,1.0166363293262344,imbalance
7.7700000000000005,0.3023817283549547,0.4334193091826556,-0.21201560681553341,imbalance
7.78,-0.002442279676009,-0.4265156184058905,-0.640377075294684,imbalance
7.79,-0.2872770829444817,-0.7323156689897163,-0.2529656360367558,imbalance
7.8,0.0015631390290275517,0.7458481675056462,0.961467030245281,imbalance
7.8100000000000005,0.2975449822019707,0.3976927361708368,-0.20020064428014023,imbalance
7.82,-0.006014851950856811,-0.46421240070078557,-0.6638800921079946,imbalance
7.83,-0.2922964367154493,-0.6928218736374885,-0.29581923394061954,imbalance
7.84,0.00729103885216574,0.7443775677114252,1.0533424661572508,imbalance
7.8500000000000005,0.3001524311260127,0.3063111141798885,-0.22807389032676229,imbalance
7.86,0.00484744207282466,-0.39068921002228124,-0.6016024221166973,imbalance
7.87,-0.3091360630553295,-0.7627030280688218,-0.22916024220761638,imbalance
7.88,0.00016000999844498025,0.7493937398604708,1.150708545564487,imbalance
7.890000000000001,0.29773670291299875,0.42195438656385753,-0.29020814827744035,imbalance
7.9,0.007214939961634512,-0.4915738139175746,-0.6518493295200328,imbalance
7.91,-0.2999684109975276,-0.7053455531970328,-0.31960802752921225,imbalance
7.92,-0.00427368983401834,0.7228424042496864,1.125195026898519,imbalance
7.930000000000001,0.28719540785084313,0.33193202820830253,-0.2540714759730115,imbalance
7.94,0.010740743246749472,-0.4069938437650371,-0.5799630387434659,imbalance
7.95,-0.2966501677180407,-0.8067124541637918,-0.2706435443219169,imbalance
7.96,0.004033542692307165,0.7622192195965248,1.093165088569635,imbalance
7.97,0.30261309622320576,0.46041083498996366,-0.2342602643094886,imbalance
7.98,-0.0024300613906582556,-0.38694251725446477,-0.5536696223531499,imbalance
7.99,-0.29685742905010615,-0.7698346903842083,-0.21255002606650217,imbalance
8.0,0.003272158499290301,0.7395377753074607,1.1064048584776343,imbalance
8.01,0.30342922698970926,0.4079299284589689,-0.24282950730730132,imbalance
8.02,-0.011425242520677054,-0.39579887087278376,-0.6674962883439046,imbalance
8.03,-0.30998970628790684,-0.7718148615470608,-0.2298307253114346,imbalance
8.040000000000001,-0.00528548345099607,0.805197326321546,1.1607104263099626,imbalance
8.05,0.29524493192079654,0.3507076825418745,-0.20905367569908265,imbalance
8.06,-0.006553901351857767,-0.2975869249261014,-0.6155605854681321,imbalance
8.07,-0.3032191262493628,-0.7051081679508299,-0.23963621885396563,imbalance
8.08,-0.0068685209923134306,0.8243919777765815,1.176880175042511,imbalance
8.09,0.2990246492194296,0.39542728282523254,-0.30917955822952375,imbalance
8.1,-0.0031313559599241785,-0.39351163961381724,-0.5574213932691179,imbalance
8.11,-0.2993788838189919,-0.7158654877737806,-0.2364281527958949,imbalance
8.120000000000001,-0.004789608697451966,0.6800173311879726,1.14494306397993,imbalance
8.13,0.2926734717744109,0.38481912887624004,-0.3244102803858976,imbalance
8.14,-0.003489073808208149,-0.47271364359993023,-0.6924953370729409,imbalance
8.15,-0.30085059199520403,-0.7110882802990826,-0.18915198122012042,imbalance
8.16,-0.003959021655381681,0.7782447984045505,1.1010442136149547,imbalance
8.17,0.29931058176413133,0.32322363041773555,-0.2386393279421836,imbalance
8.18,-0.0038700079997046953,-0.35381873955084403,-0.6709702451545027,imbalance
8.19,-0.2965483016509634,-0.7688713252960272,-0.21628951896902832,imbalance
8.2,-0.011976944975286966,0.6950433940273671,1.0686074297721155,imbalance
8.21,0.29750155788661525,0.3505715714422897,-0.27960748848982786,imbalance
8.22,-0.002712599953213248,-0.443826471827532,-0.5702651336659154,imbalance
8.23,-0.30902902692240725,-0.7473000111667452,-0.27398228651850653,imbalance
8.24,-0.004676767500488137,0.7943134089253995,1.0730985530901729,imbalance
8.25,0.30150912738796076,0.42951888108170666,-0.3682700843101503,imbalance
8.26,-0.011477228882820177,-0.3195470208987363,-0.5366678150271209,imbalance
8.27,-0.3132858814043599,-0.8123011424611284,-0.13802719212029763,imbalance
8.28,-0.012480634146469253,0.7547417816120001,1.118753514987595,imbalance
8.290000000000001,0.29492436858297955,0.4048416210149452,-0.27058039934791334,imbalance
8.3,-0.0003054749077832524,-0.33950732009392365,-0.5944745440928083,imbalance
8.31,-0.2872630156281191,-0.7075351551359054,-0.25484921810434547,imbalance
8.32,0.00541825562658091,0.7650192126972087,1.1353017344461886,imbalance
8.33,0.2926681469031678,0.3295822391166973,-0.28871682562193024,imbalance
8.34,-0.004204729183630954,-0.4108962793479584,-0.6207602270884585,imbalance
8.35,-0.2973067882462524,-0.7138328391984035,-0.2504917227684345,imbalance
8.36,0.0163308717902132,0.7429624637851228,1.1884215803795621,imbalance
8.370000000000001,0.29290096773733126,0.38598763266526026,-0.23942177859187264,imbalance
8.38,-0.0018680985654873576,-0.40436495999385524,-0.6608158562608385,imbalance
8.39,-0.29235294774608606,-0.71312361954742,-0.24005152272457495,imbalance
8.4,0.00223773797421335,0.7143915875157645,1.157582855052346,imbalance
8.41,0.29382270326679316,0.3272396587286941,-0.23968896836977563,imbalance
8.42,0.004852842051545852,-0.5420593854030554,-0.5300516702534902,imbalance
8.43,-0.3090879812763279,-0.7635010277898978,-0.25096407331144,imbalance
8.44,-0.0011420403400508056,0.7325071601133549,1.0842897782967966,imbalance
8.45,0.30082584635871285,0.3449817406554442,-0.2787919147516072,imbalance
8.46,-0.0014801678687933178,-0.3383320272263235,-0.5865429471903335,imbalance
8.47,-0.2990781775725634,-0.6348779980483694,-0.27701878028909893,imbalance
8.48,0.007149914237798223,0.7393499199844835,1.0890702547994138,imbalance
8.49,0.3023838049947661,0.24605727634162533,-0.24490420907792243,imbalance
8.5,-1.4915851687462755e-05,-0.3852611878605798,-0.6022910255867416,imbalance
8.51,-0.29522100896174214,-0.7234662293677809,-0.26876875964209007,imbalance
8.52,-0.015560129105056277,0.6847831601003592,1.0436022210146128,imbalance
8.53,0.30316199795133686,0.3629340934154493,-0.2515412958748768,imbalance
8.540000000000001,-0.0020478379452583744,-0.3086551118464403,-0.5464921469903827,imbalance
8.55,-0.3025085631175646,-0.7262489026560767,-0.24924768620338195,imbalance
8.56,0.003627653867674721,0.6893500525660928,1.079661555478787,imbalance
8.57,0.30169852402334596,0.38913953132556567,-0.27078645698023746,imbalance
8.58,0.0033527740151074003,-0.28670148526118333,-0.5746401632380453,imbalance
8.59,-0.29877094721441294,-0.7104430959856738,-0.26105408730178703,imbalance
8.6,-0.0017366255441855247,0.6976773320770612,1.1690650067888175,imbalance
8.61,0.2950094864966012,0.4754774605299248,-0.20989089771894706,imbalance
8.620000000000001,-0.0013433872818546418,-0.39381981771770974,-0.582109595814935,imbalance
8.63,-0.3055607240543298,-0.6785499976285118,-0.28294595408967993,imbalance
8.64,0.0025246590211243165,0.8207958568714834,1.034560334144997,imbalance
8.65,0.2936435512572664,0.3675558173821612,-0.2513733786357726,imbalance
8.66,-0.006216323777180642,-0.3714801966809575,-0.5877166454222057,imbalance
8.67,-0.2874323634257865,-0.8214681340810166,-0.34172157977799944,imbalance
8.68,0.007517397224150441,0.7298310078861515,1.0184327977901737,imbalance
8.69,0.30269917278030023,0.3491858567961944,-0.2105349321395666,imbalance
8.700000000000001,0.0004610350914997098,-0.34659459072126686,-0.7321205114484584,imbalance
8.71,-0.30643697780971707,-0.6823576614111232,-0.2801818159211659,imbalance
8.72,0.0017104921847059344,0.7812787133350141,1.1733469545363864,imbalance
8.73,0.3092419269609413,0.34291449470448615,-0.30613297247100124,imbalance
8.74,-0.004463134631849245,-0.33356024532598544,-0.6186939044232765,imbalance
8.75,-0.29774804053579473,-0.7565208106296987,-0.17541580475301943,imbalance
8.76,-0.014296841148627204,0.744712898930484,1.1019803541124977,imbalance
8.77,0.3012851600174492,0.31672611583486604,-0.2993447038849515,imbalance
8.78,0.0004741873345452008,-0.3476052216139021,-0.6268315424544226,imbalance
8.790000000000001,-0.3014711678574196,-0.7319889276944446,-0.3416863834762861,imbalance
8.8,-0.008836814539724545,0.7813037957831493,1.11117091536292,imbalance
8.81,0.3024040863420656,0.3862582134468637,-0.23159502306716614,imbalance
8.82,0.005313284222268694,-0.38055830650238515,-0.5984714530931285,imbalance
8.83,-0.30511396076794073,-0.8159751217654332,-0.2176456825114448,imbalance
8.84,0.001063944371722177,0.7267949233929593,1.0354930821069963,imbalance
8.85,0.30672688412361204,0.38369123695542445,-0.1872841588110442,imbalance
8.86,-0.008562206101308211,-0.34232149583063753,-0.5613471389068031,imbalance
8.870000000000001,-0.3086480827674424,-0.615897324369363,-0.23817023451420122,imbalance
8.88,0.007977554108814037,0.6240933679547919,1.0574632144152276,imbalance
8.89,0.2891346497424327,0.44179397095973927,-0.2704731511781042,imbalance
8.9,0.009738687483369375,-0.417823186652886,-0.6182021062443817,imbalance
8.91,-0.3044247699684416,-0.8245815947965918,-0.21645546792086365,imbalance
8.92,-0.009530250908317247,0.7908749138224778,1.0645873751351758,imbalance
8.93,0.2998954996297062,0.4613283829976653,-0.1140641959594505,imbalance
8.94,0.013747541032223086,-0.44270474767243173,-0.543204005067501,imbalance
8.950000000000001,-0.294250041470723,-0.8147390602582243,-0.2649283365104492,imbalance
8.96,-0.004223143454474914,0.7592860825566623,1.0481218919949202,imbalance
8.97,0.29294755381798815,0.2951190421261136,-0.25146512805257126,imbalance
8.98,-0.0016556702497136661,-0.4282748854102389,-0.6428107064202183,imbalance
8.99,-0.3063804193490102,-0.711437278631075,-0.33200126613562403,imbalance
9.0,-0.004815503679066284,0.7998493586762279,1.1208720426577181,imbalance
9.01,0.3038377697471818,0.4062251313737555,-0.378920832949153,imbalance
9.02,0.0010648398316084457,-0.3569424401109911,-0.6083100029194113,imbalance
9.03,-0.29816673937756194,-0.7608802332204188,-0.14104997794832616,imbalance
9.040000000000001,1.0839422047968265e-05,0.7198309611397332,1.1723718092602189,imbalance
9.05,0.3010046943672895,0.404896598350361,-0.17939886562182983,imbalance
9.06,0.0059672390075830644,-0.3830198617491755,-0.5859165683271419,imbalance
9.07,-0.2974719413382565,-0.716385197927859,-0.20762730188931475,imbalance
9.08,-0.0011876189032883132,0.6737966494025953,1.0754498903231016,imbalance
9.09,0.30814835121719414,0.360069187154216,-0.14175428754400438,imbalance
9.1,0.001435474583318581,-0.4105005239807077,-0.6127258362451623,imbalance
9.11,-0.2932235586525402,-0.6559628210369953,-0.33097167847873854,imbalance
9.120000000000001,0.004653139682449872,0.6977626500020777,1.0812859767611316,imbalance
9.13,0.29396382767304113,0.4104450853495008,-0.3000229337216148,imbalance
9.14,-0.008803346545279242,-0.44534049303610845,-0.545543633023644,imbalance
9.15,-0.28849011309952455,-0.6265897722863829,-0.2932910322883342,imbalance
9.16,0.009128861128403854,0.726809789571511,1.111457063713711,imbalance
9.17,0.30035801211529856,0.3024616061607017,-0.2130217908293056,imbalance
9.18,-0.00041238430906214655,-0.4137034791704777,-0.6479144788163238,imbalance
9.19,-0.30501542086971783,-0.7785901099932476,-0.14085026470786688,imbalance
9.200000000000001,0.000640828920396038,0.7922099345811603,1.0762405021208128,imbalance
9.21,0.2981492446214245,0.33428871266613536,-0.25605977892823345,imbalance
9.22,-0.012520432445384424,-0.4207226283687949,-0.5150567430401758,imbalance
9.23,-0.31110820443780973,-0.7428958353841112,-0.2296093630777352,imbalance
9.24,-0.010613083590078537,0.7702623808717849,1.08313805346933,imbalance
9.25,0.2970251553487997,0.3557669684069251,-0.23120308835905812,imbalance
9.26,0.007279813951248071,-0.4081253265614063,-0.5843167153937379,imbalance
9.27,-0.31260183301617545,-0.6527701255084329,-0.24134395330932082,imbalance
9.28,0.003617452392868636,0.8922477460984211,1.1388709710890912,imbalance
9.290000000000001,0.29206017523688704,0.41411420135208066,-0.26997653775252095,imbalance
9.3,0.016839786188718155,-0.439704742972479,-0.5844869029366209,imbalance
9.31,-0.30037650405899335,-0.7382084194668446,-0.3298468538851021,imbalance
9.32,-0.0016411612009087282,0.6972623385913674,1.0621306335154272,imbalance
9.33,0.30213793641552555,0.40486637592990826,-0.3151124552184525,imbalance
9.34,0.0031263363638569575,-0.37416367565115055,-0.6909669491039406,imbalance
9.35,-0.29849507768384537,-0.8338575167539877,-0.27928851291760176,imbalance
9.36,0.008286999595279733,0.7365339365365121,1.068308789701524,imbalance
9.370000000000001,0.304431058025399,0.3687070876626567,-0.32312307577095595,imbalance
9.38,-0.0009263126655177195,-0.30056303683316654,-0.6651142958738803,imbalance
9.39,-0.2967631120810784,-0.7655147445829915,-0.244268018738166,imbalance
9.4,0.005842808952325526,0.7652559668573877,1.0295925812231173,imbalance
9.41,0.313332682484524,0.4283767490278575,-0.24466004799510807,imbalance
9.42,-0.009497278084141175,-0.4321475067289683,-0.6224251624028531,imbalance
9.43,-0.3008365316172766,-0.8176952605699085,-0.23234495811129335,imbalance
9.44,-0.003401893858717814,0.6670389300851236,1.059531768430359,imbalance
9.450000000000001,0.2922354611173802,0.4749959861701524,-0.27643176218264176,imbalance
9.46,-0.00410552805160523,-0.42201912259801194,-0.6149731198489965,imbalance
9.47,-0.3075144133321545,-0.7266592855873999,-0.2496457713780115,imbalance
9.48,0.0002189339816508292,0.8101658320691585,1.0776312185254753,imbalance
9.49,0.30362952700617807,0.4200151578078874,-0.22187699712430045,imbalance
9.5,-0.006567183425420011,-0.3820767206088432,-0.6070684212558373,imbalance
9.51,-0.29397773487877715,-0.6901168168840578,-0.19889755445216237,imbalance
9.52,0.0031055036235913347,0.7098325381910451,1.059989076409084,imbalance
9.53,0.2989205962056729,0.3739154489683217,-0.28608466111470154,imbalance
9.540000000000001,0.009260391676015195,-0.49437142101987663,-0.5982090099862165,imbalance
9.55,-0.30233195775510296,-0.7964893600791935,-0.276787183280943,imbalance
9.56,-0.0036751693154578146,0.7703931182839493,1.0938527873127857,imbalance
9.57,0.30332223576967715,0.4295992253364944,-0.33114830565135217,imbalance
9.58,0.0036515496961206945,-0.33685171017001775,-0.6100839119723237,imbalance
9.59,-0.2819614582040108,-0.7473832140117532,-0.16208679597840991,imbalance
9.6,-0.0015895357091280078,0.6607172305509587,1.0327968947563637,imbalance
9.61,0.29572312605680734,0.4728970226495628,-0.2623926568231593,imbalance
9.620000000000001,0.01291493945917992,-0.457650107217524,-0.6345085348598934,imbalance
9.63,-0.30223966913990574,-0.7433994651279038,-0.3332021968598302,imbalance
9.64,0.006195875060069959,0.7264786576144167,1.0773006688174114,imbalance
9.65,0.30205578387057447,0.4305606324207829,-0.3031102498043871,imbalance
9.66,-0.0012716674550253923,-0.457243275546011,-0.4198316546829074,imbalance
9.67,-0.31048524480194467,-0.7358185291007253,-0.2678736437264463,imbalance
9.68,0.01291542366956778,0.6856299272608243,1.1844502712691114,imbalance
9.69,0.2908992714080138,0.3022292761013669,-0.1504377725351668,imbalance
9.700000000000001,-0.00703251091825922,-0.43972485780583126,-0.5827999753719236,imbalance
9.71,-0.2903107279276462,-0.7004737599471188,-0.32895722214407175,imbalance
9.72,-0.003812429619295809,0.7324036541713053,1.1102323889344206,imbalance
9.73,0.29723379192120103,0.4497175912645718,-0.27264150502982115,imbalance
9.74,0.00034989885111233357,-0.3658594655184567,-0.569498035037888,imbalance
9.75,-0.29638864292530015,-0.7848285210084771,-0.2958425507181049,imbalance
9.76,0.002839057546185028,0.7106460694788851,1.064544515949715,imbalance
9.77,0.30444042766295776,0.33419690656702794,-0.260135906277265,imbalance
9.78,0.002486343655746993,-0.4743305213577246,-0.5977541018279011,imbalance
9.790000000000001,-0.2997095689606405,-0.7287808775524119,-0.22523546462875735,imbalance
9.8,-0.0003961205844460237,0.739785379116611,1.1357514496167873,imbalance
9.81,0.30798279357813924,0.2976717754610873,-0.307094148870648,imbalance
9.82,0.0007463697457781795,-0.375086782918973,-0.5826062186966796,imbalance
9.83,-0.28979181528787573,-0.7215781680662893,-0.24396525040408923,imbalance
9.84,-0.0007526876620412369,0.7224278520481772,1.113899188475726,imbalance
9.85,0.2953461419940297,0.3536962867334472,-0.2840118230271014,imbalance
9.86,-0.0018661625971204123,-0.3690166091845183,-0.5350876602736194,imbalance
9.870000000000001,-0.30126680891998736,-0.6700125968316212,-0.23860146487730363,imbalance
9.88,-0.0032829403976656845,0.6530228061267593,1.1011320960959046,imbalance
9.89,0.29377438738358674,0.3844794576591573,-0.21807544400055479,imbalance
9.9,0.0022686835172397255,-0.3913446245941678,-0.5990101959037796,imbalance
9.91,-0.31334341425174683,-0.7594932366165291,-0.18675272813723193,imbalance
9.92,0.00428412600520955,0.7027341541997523,1.0828209840538014,imbalance
9.93,0.29590654996733495,0.2810065512613269,-0.2884984792745,imbalance
9.94,-0.0019615809868984385,-0.3972111888445376,-0.5399613688005918,imbalance
9.950000000000001,-0.2956126476483203,-0.6903152833312687,-0.25931875743316735,imbalance
9.96,-0.010532001550391381,0.6487469033910926,1.01668274073328,imbalance
9.97,0.30244218372288956,0.40799448299326146,-0.2850302306009187,imbalance
9.98,-0.0022948391224510106,-0.4280577375200316,-0.6399889318336868,imbalance
9.99,-0.29968112967533916,-0.7169726889563941,-0.3368722169947411,imbalance
